,city,cloudiness,country,humidity,latitude,longitude,temp_F,windspeed_MPH
0,Manjacaze,0,MZ,91,-24.71,33.88,71.31,7.61
1,Islamkot,0,PK,65,24.7,70.18,65.64,9.95
2,Newport,90,US,43,41.49,-71.31,35.58,6.93
3,Samarai,92,PG,100,-10.62,150.67,79.5,3.8
4,Nikolskoye,90,RU,85,59.7,30.79,21.2,8.95
5,Saint George,90,BM,77,32.38,-64.68,68.0,23.04
6,Puerto Ayora,75,EC,78,-0.74,-90.35,80.6,13.87
7,Rikitea,92,PF,100,-23.12,-134.97,80.85,13.76
8,Esperance,88,AU,77,-33.86,121.89,66.9,14.65
9,Butaritari,8,KI,100,3.07,172.79,82.38,12.64
10,Kununurra,0,AU,74,-15.77,128.74,84.2,4.7
11,Russell,20,NZ,61,-35.26,174.12,72.03,12.64
12,Pavilosta,12,LV,86,56.89,21.19,26.6,4.7
13,Port Elizabeth,0,ZA,87,-33.92,25.57,59.0,4.7
14,Lebu,0,CL,100,-37.62,-73.65,60.15,16.44
15,Dickinson,90,US,74,46.88,-102.79,35.6,4.7
16,Atar,0,MR,38,20.52,-13.05,60.6,6.71
17,Geraldton,0,AU,28,-28.77,114.6,84.2,10.29
18,Kapaa,90,US,83,22.08,-159.32,71.6,16.11
19,San Joaquin,64,BO,87,-16.38,-58.39,79.5,3.36
20,Luba,75,GQ,78,3.46,8.55,80.6,9.17
21,Namibe,56,AO,100,-15.19,12.15,77.97,3.91
22,Ushuaia,0,AR,65,-54.81,-68.31,46.4,12.75
23,Katsuura,90,JP,100,33.93,134.5,41.4,4.7
24,New Norfolk,75,AU,66,-42.78,147.06,51.8,8.05
25,Suntar,0,RU,81,62.16,117.65,14.7,8.16
26,East London,92,ZA,100,-33.02,27.91,72.3,14.99
27,Sovetskiy,36,RU,78,56.76,48.47,12.54,9.4
28,San Pedro,0,AR,60,-33.68,-59.66,66.27,12.41
29,Prince Rupert,75,CA,70,54.32,-130.32,44.6,10.29
30,Georgetown,40,US,93,33.38,-79.29,62.6,3.36
31,Porto Recanati,75,IT,87,43.44,13.66,42.8,20.8
32,Lagoa,0,PT,71,37.14,-8.45,50.0,12.75
33,Faanui,80,PF,100,-16.48,-151.75,76.17,14.2
34,Brunsbuttel,0,DE,79,53.9,9.15,25.84,3.36
35,Severo-Kurilsk,48,RU,100,50.68,156.12,23.79,20.47
36,Yellowknife,20,CA,60,62.45,-114.38,10.4,11.41
37,Paamiut,88,GL,93,61.99,-49.67,31.98,3.36
38,Arraial do Cabo,40,BR,83,-22.97,-42.02,80.6,3.36
39,Kandi,0,BJ,50,11.13,2.93,79.5,5.37
40,Avarua,75,CK,88,-21.21,-159.78,82.4,5.82
41,Tirodi,12,IN,67,21.68,79.73,69.24,3.13
42,Tucurui,48,BR,99,-3.77,-49.67,73.65,4.36
43,Cape Town,75,ZA,93,-33.93,18.42,62.6,10.29
44,Castro,20,CL,90,-42.48,-73.76,47.64,2.35
45,Nouadhibou,0,MR,72,20.93,-17.03,64.4,26.4
46,Atuona,44,PF,100,-9.8,-139.03,80.22,13.42
47,San Patricio,20,MX,78,19.22,-104.7,78.8,11.41
48,Maceio,0,BR,88,-9.67,-35.74,77.0,4.7
49,Coquimbo,0,CL,82,-29.95,-71.34,57.2,3.36
50,Changping,0,CN,51,40.22,116.23,35.6,4.47
51,Beloha,12,MG,84,-25.17,45.06,72.12,4.47
52,Longonjo,92,AO,98,-12.91,15.25,61.95,2.68
53,Ahipara,24,NZ,71,-35.17,173.16,73.29,9.28
54,Guerrero Negro,0,MX,32,27.97,-114.04,74.01,10.51
55,Cabo San Lucas,5,MX,13,22.89,-109.91,82.4,20.8
56,Hilo,90,US,88,19.71,-155.08,68.52,12.97
57,Bonthe,8,SL,88,7.53,-12.5,79.5,4.14
58,Keningau,75,MY,83,5.33,116.16,77.0,6.93
59,Bay Roberts,90,CA,74,47.58,-53.28,30.2,18.34
60,Mar del Plata,0,AR,68,-46.43,-67.52,49.53,9.62
61,Thompson,20,CA,65,55.74,-97.86,32.0,6.93
62,Vostok,0,RU,63,46.45,135.83,16.77,2.8
63,Plouzane,80,FR,100,48.38,-4.62,41.4,5.82
64,Kavieng,68,PG,100,-2.57,150.8,83.82,11.97
65,Novokayakent,40,RU,93,42.39,47.99,42.8,24.61
66,Vaini,20,TO,69,-21.2,-175.2,82.4,2.24
67,Isiro,48,CD,97,2.77,27.62,66.36,2.24
68,Gornopravdinsk,0,RU,80,60.06,69.92,15.42,5.82
69,Georgetown,0,SH,100,-7.93,-14.42,80.22,12.08
70,Neuquen,0,AR,37,-38.95,-68.06,55.4,5.82
71,Aklavik,75,CA,66,68.22,-135.01,5.94,3.36
72,Kungurtug,0,RU,60,50.6,97.53,0.12,0.89
73,Longyan,0,CN,77,25.1,117.03,43.77,2.46
74,Namatanai,44,PG,100,-3.66,152.44,82.47,14.99
75,Busselton,8,AU,81,-33.64,115.35,75.72,14.99
76,Henties Bay,64,NA,98,-22.12,14.28,63.57,5.26
77,Bethel,1,US,79,60.79,-161.76,26.6,11.41
78,Chipinge,0,ZW,96,-20.19,32.62,66.0,2.68
79,Half Moon Bay,90,US,76,37.46,-122.43,55.4,20.02
80,Saskylakh,76,RU,84,71.97,114.09,18.21,18.79
81,Vilyuysk,12,RU,71,63.75,121.63,-2.23,6.6
82,Ilave,48,PE,100,-16.09,-69.64,46.2,3.13
83,Clarence Town,8,BS,97,23.1,-74.98,77.97,11.18
84,Udachnyy,92,RU,86,66.42,112.4,22.62,7.49
85,Kulhudhuffushi,0,MV,100,6.62,73.07,83.28,5.82
86,Kaduqli,8,SD,66,11.01,29.72,67.17,2.24
87,Bodden Town,20,KY,78,19.28,-81.25,80.6,9.17
88,Hermanus,92,ZA,93,-34.42,19.24,57.27,1.79
89,Betare Oya,36,CM,88,5.6,14.08,69.06,3.36
90,Inhambane,88,MZ,100,-23.87,35.38,75.9,7.38
91,Upernavik,24,GL,95,72.79,-56.15,-4.84,4.59
92,Xining,12,CN,85,36.62,101.77,14.7,3.36
93,Albany,0,AU,48,-35.02,117.88,73.02,12.75
94,Mayor Pablo Lagerenza,88,PY,66,-19.93,-60.77,79.5,10.4
95,Punta Arenas,75,CL,75,-53.16,-70.91,42.8,6.93
96,Nishihara,90,JP,93,35.74,139.53,37.17,10.29
97,Chuy,0,UY,82,-33.69,-53.46,65.28,17.67
98,Bambous Virieux,75,MU,88,-20.34,57.76,78.8,3.36
99,Mazamari,32,PE,94,-11.33,-74.53,68.16,1.12
100,Dikson,64,RU,100,73.51,80.55,5.43,17.56
101,Big Spring,1,US,15,32.25,-101.48,69.33,8.61
102,Lakatoro,80,VU,88,-16.11,167.42,82.65,4.03
103,Port-Gentil,20,GA,88,-0.72,8.78,80.6,4.7
104,Asyut,0,EG,48,27.18,31.19,64.4,11.41
105,Kirovskiy,0,RU,62,45.09,133.51,18.12,3.24
106,Broome,75,AU,83,-17.97,122.23,84.2,8.05
107,Ambon,36,ID,95,-3.7,128.18,83.28,7.38
108,Hithadhoo,0,MV,99,-0.6,73.08,85.26,10.51
109,Jamestown,88,SH,100,-15.94,-5.72,74.1,13.09
110,Trinidad,75,BO,88,-14.83,-64.9,78.8,3.13
111,Sanford,1,US,83,28.81,-81.27,70.34,11.41
112,Cassilandia,68,BR,67,-19.11,-51.73,82.47,1.57
113,Sarangani,32,PH,100,5.4,125.46,81.57,1.9
114,Richards Bay,20,ZA,83,-28.77,32.06,73.65,12.64
115,Leiyang,0,CN,97,26.42,112.85,43.41,6.71
116,Bredasdorp,80,ZA,93,-34.53,20.04,62.6,5.82
117,Ola,20,RU,59,59.58,151.3,-0.41,17.9
118,Socorro,20,US,8,31.65,-106.3,69.66,5.82
119,Suining,68,CN,87,30.51,105.57,52.32,2.68
120,Karimganj,0,IN,85,24.86,92.37,59.97,4.14
121,Naliya,0,IN,92,23.26,68.83,66.27,6.82
122,Sawakin,0,SD,83,19.1,37.33,77.0,9.17
123,Yokadouma,92,CM,99,3.52,15.05,67.35,2.8
124,Ballina,92,AU,100,-28.87,153.57,72.12,13.2
125,Beringovskiy,92,RU,100,63.05,179.32,18.75,3.13
126,Byron Bay,75,AU,88,-28.65,153.62,75.2,20.8
127,Kannabe,75,JP,93,34.53,133.38,41.0,23.04
128,Fortuna,90,US,76,40.6,-124.16,55.56,9.17
129,Mahebourg,75,MU,88,-20.41,57.7,78.8,3.36
130,Eureka,90,US,67,40.8,-124.16,55.38,9.17
131,Marystown,68,CA,96,47.17,-55.16,31.17,22.15
132,Rawson,0,AR,53,-43.3,-65.11,49.35,7.94
133,Road Town,1,VG,88,18.42,-64.62,76.53,5.82
134,Ribeira Grande,36,PT,95,38.52,-28.7,63.57,13.65
135,Gouyave,20,GD,78,12.16,-61.73,80.6,13.87
136,Necochea,0,AR,74,-38.55,-58.74,56.73,14.2
137,Tongren,92,CN,93,27.72,109.18,42.87,3.36
138,Sinnamary,92,GF,100,5.38,-52.96,78.87,11.41
139,La Reforma,5,MX,35,25.08,-108.06,86.0,13.87
140,Maibong,0,IN,77,25.3,93.13,54.75,2.57
141,Yerbogachen,88,RU,83,61.28,108.01,31.08,11.74
142,Nemuro,20,JP,54,43.32,145.57,28.4,11.41
143,Ca Mau,0,VN,100,9.18,105.15,75.54,3.69
144,Pordenone,48,IT,69,45.96,12.66,37.4,4.7
145,Totma,0,RU,76,59.98,42.76,2.28,6.38
146,Kloulklubed,75,PW,70,7.04,134.26,84.83,6.93
147,Hami,0,CN,76,42.84,93.51,35.31,6.38
148,Souillac,75,MU,88,-20.52,57.52,78.8,3.36
149,Caravelas,0,BR,100,-17.73,-39.27,81.57,18.23
150,Vaitape,76,PF,100,-16.52,-151.75,79.59,14.88
151,Pilkhuwa,75,IN,56,28.71,77.65,73.4,3.36
152,Keti Bandar,0,PK,93,24.14,67.45,77.61,16.89
153,Dharchula,0,IN,72,29.85,80.53,34.23,2.13
154,Yining,44,CN,79,29.04,114.56,37.56,2.57
155,Touros,92,BR,84,-5.2,-35.46,81.21,9.4
156,La Libertad,20,SV,70,13.49,-89.32,84.96,4.7
157,Inirida,64,CO,70,3.87,-67.92,82.56,1.34
158,Constitucion,5,MX,7,23.99,-104.67,80.6,5.82
159,Cockburn Town,0,TC,97,21.46,-71.14,78.06,13.65
160,Gayeri,92,BF,49,12.65,0.49,84.72,9.73
161,Pierre,90,US,69,44.37,-100.35,39.2,5.82
162,Carnarvon,8,AU,92,-24.87,113.63,80.22,10.18
163,Misratah,48,LY,74,32.38,15.09,62.85,9.62
164,Atambua,36,ID,99,-9.11,124.89,81.48,3.91
165,Malpe,20,IN,83,13.35,74.72,78.8,3.36
166,Karratha,8,AU,63,-20.74,116.85,86.34,5.14
167,Maumelle,75,US,47,34.87,-92.4,55.4,12.75
168,Candido Mendes,56,BR,99,-1.45,-45.72,81.3,13.87
169,Catia La Mar,20,VE,78,10.6,-67.03,78.8,4.7
170,Saint-Pierre,68,PM,100,46.77,-56.17,32.16,28.19
171,Riyadh,0,SA,53,24.63,46.72,71.6,2.24
172,Anuradhapura,0,LK,96,8.34,80.41,70.77,3.02
173,Rafai,36,CF,92,4.95,23.92,72.12,2.68
174,Hokitika,92,NZ,100,-42.72,170.96,62.4,8.39
175,Waiouru,44,NZ,55,-39.48,175.67,67.44,1.9
176,Isangel,0,VU,100,-19.55,169.27,81.75,8.16
177,Sur,0,OM,100,22.57,59.53,71.67,2.68
178,Hamilton,90,BM,77,32.3,-64.78,68.0,23.04
179,Muros,20,ES,100,42.77,-9.06,37.4,8.05
180,Kudahuvadhoo,36,MV,100,2.67,72.89,80.76,1.45
181,Tocopilla,8,CL,96,-22.09,-70.2,62.58,4.92
182,Bluff,92,NZ,100,-46.6,168.33,55.38,14.2
183,Porto Santo,40,PT,67,33.07,-16.34,60.8,16.11
184,Port Hedland,44,AU,62,-20.31,118.58,86.0,9.17
185,Guantanamo,20,CU,83,20.14,-75.21,79.59,10.29
186,Tanout,8,NE,25,14.97,8.88,67.89,0.67
187,Christchurch,12,NZ,60,-43.53,172.64,73.4,10.29
188,Qandala,0,SO,100,11.47,49.87,59.43,0.67
189,Torbay,90,CA,74,47.66,-52.73,30.2,18.34
190,Tijuana,1,MX,42,32.5,-116.96,68.0,6.93
191,Mehran,0,IR,61,33.12,46.17,46.4,4.7
192,Deputatskiy,12,RU,40,69.3,139.9,-27.16,3.8
193,Algeciras,8,PH,100,11.42,120.82,81.57,10.96
194,Basco,0,PH,100,20.45,121.97,77.25,15.55
195,Dong Hoi,32,VN,98,17.48,106.6,70.41,15.99
196,Gambela,8,ET,90,8.25,34.59,59.43,3.02
197,North Bend,1,US,50,43.41,-124.22,55.4,11.41
198,Khatanga,76,RU,78,71.98,102.47,1.92,5.26
199,Merauke,88,ID,100,-8.49,140.4,78.15,8.39
200,Karangasem,92,ID,100,-6.7,108.49,77.79,2.35
201,Monrovia,20,LR,94,6.33,-10.8,78.8,4.81
202,Yangjiang,0,CN,100,21.85,111.96,59.16,19.69
203,Gayny,88,RU,87,60.3,54.33,22.98,10.74
204,Weligama,76,LK,100,5.97,80.42,77.61,3.13
205,Nyanguge,48,TZ,94,-2.54,33.2,69.24,8.84
206,Tuktoyaktuk,44,CA,94,69.44,-133.03,0.16,4.7
207,Tsumeb,92,NA,96,-19.25,17.72,64.47,2.68
208,Thinadhoo,92,MV,99,0.53,72.93,84.72,10.29
209,Humberto de Campos,92,BR,88,-2.6,-43.46,83.1,14.76
210,Manono,48,CD,98,-7.3,27.4,68.25,3.02
211,Kavaratti,64,IN,100,10.57,72.64,83.37,3.69
212,Vincennes,90,US,94,38.68,-87.53,34.18,12.75
213,Kigoma,88,TZ,100,-4.88,29.64,71.85,4.36
214,Cap-aux-Meules,75,CA,79,47.38,-61.86,26.6,12.75
215,Port Keats,56,AU,100,-14.25,129.55,78.87,5.37
216,Sao Joao da Barra,0,BR,78,-21.64,-41.05,78.8,5.82
217,Sakassou,40,CI,78,7.45,-5.29,80.6,4.7
218,Alyangula,88,AU,100,-13.85,136.42,82.47,18.68
219,Saint-Philippe,20,RE,74,-21.36,55.77,77.85,4.7
220,Lahij,0,YE,86,13.06,44.88,57.09,2.46
221,Sesheke,0,ZM,70,-17.48,24.3,68.88,6.38
222,Vila Franca do Campo,20,PT,93,37.72,-25.43,62.6,8.05
223,Paita,0,PE,62,-5.09,-81.11,77.7,8.95
224,San-Pedro,12,CI,92,4.75,-6.64,78.15,6.93
225,Jacareacanga,0,BR,92,-6.22,-57.76,78.06,2.01
226,Manacapuru,32,BR,87,-3.3,-60.62,79.68,4.92
227,Lorengau,44,PG,98,-2.02,147.27,82.92,14.2
228,Luderitz,44,NA,63,-26.65,15.16,64.4,11.41
229,Mareeba,75,AU,78,-16.99,145.42,82.4,12.75
230,Belmonte,92,BR,99,-26.84,-53.58,68.34,3.58
231,Victoria,100,SC,83,-4.62,55.45,80.6,3.36
232,Port Blair,12,IN,100,11.67,92.75,81.48,5.37
233,Hobart,75,AU,66,-42.88,147.33,51.8,8.05
234,Mongo,32,TD,63,12.18,18.69,71.58,3.24
235,Alofi,68,NU,83,-19.06,-169.92,82.4,9.17
236,Bamenda,36,CM,98,5.96,10.15,58.89,1.9
237,Vao,48,NC,100,-22.67,167.48,78.78,10.96
238,Kaeo,20,NZ,61,-35.1,173.78,72.03,12.64
239,Irsha,12,RU,57,55.93,94.8,2.1,3.58
240,Tasiilaq,92,GL,74,65.61,-37.64,37.4,11.41
241,Oussouye,0,SN,83,12.49,-16.54,72.55,4.7
242,Shrigonda,0,IN,51,18.61,74.7,66.36,6.04
243,Mbandaka,64,CD,98,0.05,18.26,73.2,1.57
244,Nuuk,24,GL,96,64.17,-51.74,32.0,9.17
245,Were Ilu,32,ET,88,10.6,39.43,40.8,1.34
246,Shache,0,CN,75,38.42,77.24,34.95,4.59
247,Atyrau,90,KZ,100,47.1,51.92,26.6,11.18
248,Kodiak,90,US,70,39.95,-94.76,42.8,12.75
249,Trincomalee,0,LK,93,8.58,81.23,70.05,2.8
250,Labe,24,GN,44,11.32,-12.28,78.24,8.5
251,Barrow,90,US,48,39.51,-90.4,41.23,9.17
252,Cidreira,80,BR,95,-30.17,-50.22,63.57,2.57
253,Buchanan,20,LR,94,5.88,-10.05,78.8,4.47
254,Totness,100,SR,100,5.88,-56.32,77.97,16.22
255,Jasper,80,CA,64,52.88,-118.08,29.19,2.13
256,Cesis,56,LV,88,57.31,25.27,21.0,11.63
257,Aswan,0,EG,20,24.09,32.9,77.0,11.41
258,Ponta do Sol,8,CV,100,17.2,-25.09,69.42,22.03
259,Nanortalik,76,GL,99,60.14,-45.24,32.7,6.04
260,Iralaya,0,HN,69,15.0,-83.23,82.4,6.93
261,Bandarbeyla,0,SO,100,9.49,50.81,77.52,10.07
262,Mingguang,68,CN,100,32.78,118.01,40.44,10.63
263,Nuevitas,75,CU,61,21.55,-77.27,80.6,13.87
264,Talnakh,68,RU,77,69.49,88.39,-0.97,20.36
265,Santa Clara,0,MX,95,21.37,-89.01,77.79,16.22
266,Santiago del Estero,0,AR,47,-27.8,-64.26,68.7,7.61
267,Kottagudem,24,IN,91,17.55,80.63,67.53,3.13
268,Bilokurakyne,92,UA,94,49.53,38.74,22.17,10.63
269,Zaraza,0,VE,48,9.35,-65.33,80.22,14.99
270,Tual,92,ID,100,-5.67,132.75,77.52,16.11
271,Piranshahr,36,IR,68,36.7,45.14,38.1,2.24
272,Makakilo City,90,US,64,21.35,-158.09,74.75,9.17
273,Port Alfred,12,ZA,97,-33.59,26.89,66.54,13.65
274,Poya,0,NC,94,-21.35,165.16,78.69,7.38
275,La Rioja,0,AR,50,-29.41,-66.86,69.42,0.56
276,Kikwit,68,CD,87,-5.04,18.82,73.2,2.8
277,Vila Velha,20,BR,74,-3.71,-38.6,82.4,5.82
278,Jardim,20,BR,87,-21.48,-56.15,78.15,5.59
279,Oudtshoorn,0,ZA,87,-33.59,22.2,59.0,5.82
280,Marsa Matruh,40,EG,93,31.35,27.25,62.6,8.05
281,Padang,64,ID,100,-0.92,100.36,80.31,7.83
282,Borovskoy,0,KZ,67,53.8,64.15,5.34,4.47
283,Freeport,0,BS,83,26.54,-78.7,78.8,14.99
284,Harer,0,ET,77,9.31,42.13,50.88,2.13
285,Alta Floresta,12,BR,89,-9.87,-56.08,78.15,1.57
286,Erzin,0,RU,72,50.26,95.16,0.3,2.13
287,Hovd,0,MN,74,48.01,91.64,17.76,1.68
288,San Antonio,20,CL,82,-33.58,-71.61,59.0,5.82
289,Zabaykalsk,8,RU,55,49.63,117.32,30.45,6.38
290,Alice Springs,0,AU,33,-23.7,133.88,77.0,11.41
291,Saint-Joseph,20,RE,78,-21.37,55.62,77.79,5.82
292,Phalodi,0,IN,53,27.13,72.36,62.76,4.59
293,Provideniya,90,RU,67,64.42,-173.23,23.0,6.15
294,Kasongo-Lunda,92,CD,95,-6.48,16.82,68.88,1.68
295,Sheffield,90,US,75,34.77,-87.7,44.24,11.41
296,Bathsheba,75,BB,83,13.22,-59.52,78.8,21.92
297,Ratnagiri,0,IN,100,16.98,73.3,77.88,13.09
298,Bindura,0,ZW,94,-17.3,31.33,62.4,3.69
299,Cabra,0,PH,100,13.89,120.05,81.48,10.51
300,Tezu,48,IN,49,27.93,96.16,54.57,2.13
301,Bikaner,12,IN,74,28.02,73.32,61.77,6.38
302,Iranshahr,0,IR,59,27.21,60.69,44.58,1.12
303,Sembakung,88,ID,97,3.82,117.25,75.54,2.91
304,Hinton,88,CA,53,53.4,-117.57,37.65,3.24
305,Miraflores,80,CO,96,5.2,-73.14,53.4,2.13
306,Kaitangata,92,NZ,100,-46.28,169.85,54.12,13.42
307,Benguela,76,AO,100,-12.58,13.4,78.06,1.68
308,Vanimo,92,PG,100,-2.67,141.3,78.78,15.43
309,Zhigansk,8,RU,62,66.77,123.37,-7.45,6.6
310,Bulawayo,20,ZW,78,-20.16,28.59,64.38,6.38
311,Los Llanos de Aridane,32,ES,68,28.66,-17.92,64.4,19.46
312,Sorland,88,NO,98,67.67,12.69,39.54,17.22
313,Gwadar,0,PK,99,25.12,62.33,68.25,7.27
314,Marawi,0,SD,24,18.48,31.82,68.61,6.38
315,Bushehr,0,IR,77,28.97,50.84,60.8,6.93
316,Cherskiy,0,RU,64,68.75,161.3,-13.66,2.57
317,Korla,0,CN,69,41.76,86.15,29.1,3.13
318,Grindavik,75,IS,100,63.84,-22.43,38.12,1.12
319,Shizunai,0,JP,89,42.33,142.37,28.56,2.8
320,San Ramon,75,BO,83,-13.27,-64.62,84.2,3.69
321,Moussoro,0,TD,28,13.64,16.49,70.5,6.93
322,Andilamena,24,MG,93,-17.01,48.57,61.68,2.46
323,Shilovo,90,RU,92,51.55,39.09,15.8,8.95
324,Loa Janan,80,ID,97,-0.58,117.09,76.8,2.91
325,Timbuktu,0,ML,26,16.77,-3.01,72.57,6.49
326,Falam,0,MM,78,22.91,93.68,54.3,2.13
327,Manavalakurichi,20,IN,94,8.13,77.3,80.6,1.9
328,Alghero,40,IT,87,40.56,8.32,46.4,2.24
329,Kaka,0,TM,77,37.35,59.62,43.95,3.58
330,Miracema do Tocantins,44,BR,93,-9.56,-48.4,76.62,7.72
331,Vryheid,0,ZA,89,-27.77,30.79,52.77,2.68
332,Mamakan,92,RU,92,57.82,114.02,27.21,4.81
333,Hailar,68,CN,82,49.2,119.7,26.31,11.41
334,Union de San Antonio,5,MX,9,21.1,-101.97,86.0,4.92
335,Cayenne,0,GF,88,4.94,-52.33,78.8,4.7
336,Seondha,0,IN,95,26.15,78.78,63.3,2.91
337,San Vicente,0,PH,100,14.11,122.87,80.22,7.05
338,Malavalli,0,IN,94,12.39,77.06,67.35,6.38
339,Port Moresby,12,PG,100,-9.47,147.16,82.2,6.71
340,Tiksi,0,RU,40,71.64,128.87,-26.35,2.57
341,Sisimiut,88,GL,87,66.94,-53.67,17.04,2.35
342,Delta del Tigre,40,UY,55,-34.76,-56.41,64.4,10.29
343,Mehamn,8,NO,88,71.03,27.85,6.06,6.38
344,Andenes,56,NO,100,69.31,16.12,32.0,14.99
345,Pantai Remis,75,MY,88,4.46,100.63,76.03,4.7
346,Callaguip,20,PH,88,18.07,120.49,73.4,2.24
347,Mzimba,20,MW,91,-11.9,33.6,58.35,2.35
348,Coihaique,0,CL,66,-45.58,-72.07,50.0,4.7
349,Nabire,44,ID,87,-3.36,135.5,75.45,2.24
350,Along,64,IN,74,28.17,94.8,54.48,1.68
351,Chokurdakh,0,RU,34,70.62,147.9,-22.66,7.38
352,Non Sung,88,TH,88,15.18,102.26,75.2,5.82
353,Douglas,1,US,28,31.51,-82.85,73.76,12.75
354,Tevriz,0,RU,71,57.51,72.4,6.69,2.46
355,Gobabis,76,NA,88,-22.45,18.97,68.0,3.36
356,Lompoc,90,US,81,34.64,-120.46,55.85,7.38
357,Bubaque,0,GW,88,11.28,-15.83,77.0,8.05
358,Harper,80,LR,99,4.38,-7.71,82.02,6.93
359,Luganville,92,VU,100,-15.51,167.18,80.22,4.7
360,Tiznit,0,MA,85,29.7,-9.73,56.01,10.29
361,Bangassou,44,CF,90,4.74,22.82,73.02,1.68
362,Port Macquarie,75,AU,100,-31.43,152.91,68.0,6.93
363,East Wenatchee Bench,1,US,30,47.43,-120.28,56.01,10.29
364,Norman Wells,90,CA,79,65.28,-126.83,21.2,9.17
365,Camocim,8,BR,83,-2.9,-40.84,78.15,8.72
366,Iqaluit,20,CA,64,63.75,-68.52,-0.41,17.22
367,Bonavista,36,CA,89,48.65,-53.11,30.09,19.8
368,Trairi,92,BR,100,-3.28,-39.27,82.92,13.76
369,Fukuma,75,JP,87,33.77,130.47,43.3,6.93
370,Inuvik,12,CA,84,68.36,-133.71,6.46,4.7
371,Caohai,92,CN,100,26.87,104.28,38.82,3.69
372,Salalah,0,OM,46,17.01,54.1,73.4,4.7
373,Barra da Estiva,76,BR,84,-13.63,-41.33,70.77,3.69
374,Marienburg,20,SR,94,5.88,-55.04,77.0,17.45
375,Burnie,0,AU,100,-41.05,145.91,58.53,22.15
376,Aligudarz,0,IR,69,33.4,49.69,24.42,2.57
377,Angoram,0,PG,74,-4.06,144.07,84.18,3.58
378,Soyo,44,AO,93,-6.13,12.37,75.72,2.68
379,Aktau,0,KZ,87,43.65,51.16,42.8,13.42
380,Sibolga,36,ID,100,1.74,98.78,67.35,1.34
381,Lima,32,PE,79,-12.06,-77.04,65.19,2.01
382,Rocha,0,UY,62,-34.48,-54.34,62.22,12.41
383,Tsogni,92,GA,100,-2.79,10.1,80.58,1.57
384,Iquitos,75,PE,83,-3.75,-73.25,80.6,4.7
385,Patea,12,NZ,65,-39.76,174.48,72.21,5.59
386,Rybnaya Sloboda,0,RU,65,55.46,50.14,5.0,8.95
387,Guayaramerin,12,BO,87,-10.82,-65.36,76.44,2.13
388,Bundaberg,64,AU,99,-24.87,152.35,77.61,21.81
389,Kuito,68,AO,95,-12.38,16.94,61.59,6.04
390,Pijijiapan,44,MX,67,15.69,-93.21,80.67,2.91
391,Puerto Escondido,5,MX,74,15.86,-97.07,80.6,8.05
392,Custodia,56,BR,85,-8.09,-37.64,73.2,6.82
393,Adrar,0,DZ,28,27.87,-0.29,68.0,8.05
394,Biga,0,TR,69,40.23,27.24,50.34,7.94
395,Dongning,0,CN,41,44.06,131.12,25.68,3.47
396,Naryan-Mar,8,RU,35,67.67,53.09,-23.83,2.91
397,Arys,36,KZ,81,42.43,68.8,48.2,8.95
398,Luangwa,44,ZM,94,-12.88,28.25,64.65,4.59
399,Sechura,0,PE,72,-5.56,-80.82,75.27,11.86
400,Mitu,8,CO,96,1.2,-70.17,78.87,2.46
401,Sri Aman,75,MY,94,1.24,111.46,73.4,3.02
402,Wamba,100,CD,100,2.14,27.99,68.25,2.57
403,Pacifica,90,US,87,37.61,-122.49,54.48,8.05
404,Hermosillo,40,MX,5,29.09,-110.96,91.4,9.17
405,Honiara,75,SB,83,-9.43,159.96,82.4,4.7
406,Raudeberg,75,NO,100,61.99,5.14,33.22,9.17
407,Cap Malheureux,75,MU,88,-19.98,57.61,78.8,3.36
408,Monduli,92,TZ,97,-3.3,36.45,62.31,1.9
409,Fare,76,PF,100,-16.7,-151.02,78.15,13.65
410,Altamont,40,US,57,37.19,-95.3,48.94,16.11
411,West Wendover,40,US,27,40.74,-114.07,51.8,5.82
412,Moscow,20,US,76,46.73,-117.0,55.36,6.71
413,Dawei,0,MM,97,14.07,98.19,70.14,2.13
414,Flinders,90,AU,100,-34.58,150.85,60.8,17.22
415,Jalu,0,LY,44,29.03,21.55,63.66,11.52
416,Kruisfontein,0,ZA,93,-34.0,24.73,62.13,12.97
417,Olinda,75,BR,88,-22.82,-43.41,81.32,2.24
418,Camargo,0,BO,87,-20.64,-65.21,52.32,2.24
419,Lampazos de Naranjo,0,MX,19,27.02,-100.51,73.83,7.27
420,Haines Junction,80,CA,69,60.75,-137.51,15.87,6.71
421,San Matias,64,BO,87,-16.36,-58.4,79.5,3.36
422,Ambovombe,48,MG,97,-25.18,46.09,73.92,3.36
423,Sindor,80,RU,82,62.87,51.9,3.27,11.41
424,Carutapera,76,BR,86,-1.2,-46.02,79.86,8.72
425,Lazaro Cardenas,20,MX,13,28.39,-105.62,77.0,18.34
426,Celestun,0,MX,99,20.87,-90.4,77.61,23.71
427,Crotone,90,IT,100,39.09,17.12,30.2,14.99
428,Sola,56,VU,100,-13.88,167.55,78.6,1.57
429,Castlemaine,88,AU,75,-37.07,144.22,58.26,10.74
430,Eirunepe,8,BR,87,-6.66,-69.87,81.84,2.01
431,Malkara,8,TR,72,40.89,26.9,52.32,8.39
432,Hun,0,LY,31,29.13,15.95,65.19,10.96
433,Camopi,44,GF,79,3.17,-52.33,78.96,3.58
434,Batemans Bay,100,AU,99,-35.71,150.18,61.5,9.17
435,Almeirim,0,BR,75,-1.53,-52.58,82.02,6.15
436,Champerico,75,GT,58,14.3,-91.92,84.2,4.7
437,Martapura,56,ID,100,-3.41,114.85,77.34,6.49
438,Taoudenni,0,ML,26,22.68,-3.98,60.06,7.61
439,Walvis Bay,20,NA,82,-22.95,14.51,60.8,7.94
440,Akdepe,20,TM,76,42.05,59.39,50.92,6.93
441,Coahuayana,0,MX,19,18.62,-100.35,88.14,2.24
442,San Carlos de Bariloche,0,AR,35,-41.13,-71.31,55.4,9.17
443,Lavrentiya,20,RU,100,65.58,-170.99,10.92,11.18
444,Saldanha,92,ZA,67,-33.01,17.94,60.8,1.12
445,Mackay,40,AU,78,-21.15,149.2,80.6,13.87
446,Northam,0,AU,34,-31.65,116.67,80.6,23.04
447,La Ronge,90,CA,83,55.1,-105.3,32.0,8.05
448,Preobrazheniye,0,RU,36,42.9,133.91,23.88,2.57
449,Itarema,20,BR,85,-2.92,-39.92,78.15,8.16
450,Mantua,0,CU,66,22.29,-84.28,80.31,5.03
451,Tessalit,0,ML,33,20.2,1.01,59.43,2.35
452,Hobyo,92,SO,89,5.35,48.53,80.04,12.64
453,Bitkine,8,TD,61,11.98,18.21,72.57,2.57
454,Mazagao,0,BR,78,-0.12,-51.29,82.4,10.29
455,Hasaki,75,JP,87,35.73,140.83,41.86,10.29
456,Zhaoyuan,0,CN,36,45.52,125.08,29.1,11.18
457,San Marcos,64,CO,93,8.66,-75.13,78.42,5.03
458,Buraydah,0,SA,38,26.33,43.97,73.4,2.24
459,Hualmay,8,PE,79,-11.1,-77.61,69.24,4.81
460,Imeni Poliny Osipenko,56,RU,66,52.42,136.49,27.57,5.7
461,Hofn,0,IS,89,64.25,-15.21,40.44,5.7
462,Sao Filipe,0,CV,95,14.9,-24.5,70.68,19.01
463,Aburi,40,GH,83,5.85,-0.18,82.4,11.41
464,Areni,8,AM,57,39.72,45.19,50.0,2.24
465,Boa Vista,75,BR,44,2.82,-60.67,93.2,13.87
466,Imuris,0,MX,12,30.78,-110.86,77.7,6.93
467,Puerto Quijarro,0,BO,88,-19.0,-57.72,77.02,4.7
468,Novhorodka,90,UA,85,48.37,32.66,21.2,8.95
469,San Cristobal,80,EC,100,-1.02,-79.44,64.74,2.35
470,Clyde River,20,CA,74,70.47,-68.59,-23.81,3.36
471,Yorosso,0,ML,30,12.35,-4.78,75.18,6.15
472,Murovane,90,UA,92,50.41,24.11,23.0,6.71
473,Charters Towers,88,AU,91,-20.07,146.27,75.9,11.97
474,Ilulissat,76,GL,85,69.22,-51.1,17.6,2.24
475,Aksarka,36,RU,50,66.56,67.8,-17.26,8.72
476,Koupela,92,BF,54,12.18,-0.35,84.9,10.4
477,Namie,75,JP,100,37.52,140.86,32.95,8.05
478,Yarmouth,75,CA,63,43.84,-66.12,30.2,4.7
479,Alnashi,8,RU,78,56.18,52.48,4.35,8.16
480,Cairns,75,AU,78,-16.92,145.77,82.4,12.75
481,Toowoomba,75,AU,64,-27.56,151.95,75.2,21.92
482,Constantine,40,DZ,74,36.36,6.61,37.4,5.82
483,Nara,0,ML,20,15.17,-7.29,80.04,10.29
484,Porbandar,0,IN,80,21.64,69.61,70.77,8.84
485,Wanning,36,CN,100,18.8,110.4,68.88,22.15
486,Mabaruma,92,GY,100,8.2,-59.78,74.46,6.38
487,Ferkessedougou,24,CI,55,9.6,-5.2,83.1,9.73
488,Ippy,80,CF,97,6.26,21.2,69.51,6.04
489,Salina Cruz,24,MX,47,16.18,-95.2,88.32,6.71
490,Fairbanks,75,US,79,64.84,-147.72,29.62,6.93
491,Picui,48,BR,92,-6.51,-36.35,71.67,7.38
492,Nanao,90,JP,80,37.05,136.95,36.57,14.99
493,Ponta Delgada,20,PT,93,37.73,-25.67,62.6,8.05
494,Praia da Vitoria,64,PT,99,38.73,-27.07,62.76,12.41
495,Huarmey,36,PE,73,-10.07,-78.15,70.59,3.91
496,Qaanaaq,36,GL,83,77.48,-69.36,-14.29,4.92
497,Namtsy,0,RU,70,62.72,129.66,-10.06,3.69
498,Umm Kaddadah,0,SD,20,13.6,26.69,59.16,5.48
499,Vicuna,0,CL,77,-30.03,-70.71,59.0,6.93
